ID,description,start_incident,end_incident,incident_ID,createdAt,createdBy,modifiedAt,modifiedBy
23106929-05de-4848-b380-3112887b9e08,description-23106929,2001-03-11,2003-06-27,1091716b-79a5-4b47-a456-11412205f5fe,2004-10-04T00:00:00.000Z,createdBy.dr9f5@example.net,2006-10-18T00:00:00.000Z,modifiedBy.dr9f5@example.com
15755879-4a3d-477f-aeb3-3a16f4f4822e,description-15755879,2002-09-17,2010-10-18,10917351-167d-4f5e-96df-bdd18a8bbd12,2019-07-24T00:00:00.000Z,createdBy.9dpbb@example.net,2001-01-11T00:00:00.000Z,modifiedBy.9dpbb@example.com
15755880-a610-45c1-b8ec-98ede06d2780,description-15755880,2022-06-04,2004-02-07,10917365-d512-485a-bdb2-2035ef9f74f8,2014-09-29T00:00:00.000Z,createdBy.9dpbc@example.com,2020-07-25T00:00:00.000Z,modifiedBy.9dpbc@example.net
15755881-c2ba-4fa0-baa4-47d6985a28e8,description-15755881,2015-10-05,2019-07-21,10917378-fbed-4247-be17-28a5a41c278d,2008-12-23T00:00:00.000Z,createdBy.9dpbd@example.com,2007-05-04T00:00:00.000Z,modifiedBy.9dpbd@example.com
15755882-7af2-4e06-b62e-a2ac04a5524d,description-15755882,2005-02-21,2020-08-10,10917387-2e3d-4558-92ff-8a76a91268e7,2018-10-08T00:00:00.000Z,createdBy.9dpbe@example.org,2000-01-04T00:00:00.000Z,modifiedBy.9dpbe@example.org
15755883-45bb-4760-9bbc-2d3f0b0aa056,description-15755883,2005-02-03,2018-12-20,10917396-444f-4f80-ac63-3cf6879a7502,2021-08-30T00:00:00.000Z,createdBy.9dpbf@example.org,2000-11-07T00:00:00.000Z,modifiedBy.9dpbf@example.net
15755884-1e53-46fc-9ca7-2bb488744094,description-15755884,2011-06-03,2007-11-14,1091740b-b779-4661-b76c-8152cde226d4,2005-02-17T00:00:00.000Z,createdBy.9dpbg@example.com,2014-07-01T00:00:00.000Z,modifiedBy.9dpbg@example.org
15755885-e77e-4886-82b5-565aec5775e4,description-15755885,2020-01-05,2022-07-20,1091741a-7c48-4a74-bf0b-fa091471e953,2011-10-12T00:00:00.000Z,createdBy.9dpbh@example.org,2002-01-14T00:00:00.000Z,modifiedBy.9dpbh@example.com
15755886-9cc6-4848-b3bb-20083404b805,description-15755886,2016-11-15,2017-09-12,1091742b-eadc-409c-949b-23ff4cef197f,2008-03-16T00:00:00.000Z,createdBy.9dpbi@example.com,2022-08-14T00:00:00.000Z,modifiedBy.9dpbi@example.com
15755887-10ff-45cf-92e5-7f9086c26de2,description-15755887,2021-12-26,2020-03-14,1091743c-e7c8-40bc-9141-cdbb2edbd35c,2009-05-21T00:00:00.000Z,createdBy.9dpbj@example.com,2012-05-07T00:00:00.000Z,modifiedBy.9dpbj@example.com
15755888-2d8c-4edd-abed-13c92148418d,description-15755888,2023-12-13,2022-03-01,10917447-0d1e-4bdd-b3cd-da4d610911a7,2008-10-09T00:00:00.000Z,createdBy.9dpbk@example.net,2004-02-15T00:00:00.000Z,modifiedBy.9dpbk@example.com
15755889-5227-4dbd-85b4-d28f10562ab8,description-15755889,2008-06-22,2010-08-20,10917455-c574-4402-9bc6-9a756137836b,2012-05-26T00:00:00.000Z,createdBy.9dpbl@example.com,2011-04-15T00:00:00.000Z,modifiedBy.9dpbl@example.com
15755890-e364-4db1-9425-34fc89e20521,description-15755890,2017-05-20,2008-02-22,10917463-53e1-4d87-a62c-862e3b772cd2,2019-01-23T00:00:00.000Z,createdBy.9dpbm@example.org,2014-09-07T00:00:00.000Z,modifiedBy.9dpbm@example.org
15755891-c2d6-4b9e-819f-9184954091da,description-15755891,2007-09-13,2003-08-17,10917471-67de-4a46-928e-144354b11269,2019-05-16T00:00:00.000Z,createdBy.9dpbn@example.org,2017-04-16T00:00:00.000Z,modifiedBy.9dpbn@example.com
15755892-4021-4dd4-a0c6-684a1b190ebf,description-15755892,2021-12-28,2014-06-18,10917482-f1ef-4174-b0ab-d60007154f2c,2000-02-17T00:00:00.000Z,createdBy.9dpbo@example.org,2003-07-13T00:00:00.000Z,modifiedBy.9dpbo@example.org
15755893-afca-4151-9832-9ce5836cbed3,description-15755893,2011-01-19,2004-01-16,10917497-4b81-41f8-83d6-2e73d8636255,2002-03-18T00:00:00.000Z,createdBy.9dpbp@example.org,2005-09-08T00:00:00.000Z,modifiedBy.9dpbp@example.com
15755894-d080-4a59-b75a-cbec35f6a8e1,description-15755894,2001-03-19,2016-07-21,1091750c-dee1-4a4f-8858-743ae7d0dbec,2001-04-05T00:00:00.000Z,createdBy.9dpbq@example.com,2020-09-25T00:00:00.000Z,modifiedBy.9dpbq@example.org
15755895-43e8-4446-b36c-cfe57425254b,description-15755895,2014-06-22,2008-08-21,1091751d-b73e-42dd-89c7-01050a45b47a,2013-04-09T00:00:00.000Z,createdBy.9dpbr@example.org,2017-10-25T00:00:00.000Z,modifiedBy.9dpbr@example.com
15755896-7f54-4809-90fb-c8e360afc1c0,description-15755896,2010-04-16,2014-04-14,1091752b-fdbc-477c-9338-14e3bc9b88de,2019-03-08T00:00:00.000Z,createdBy.9dpbs@example.net,2016-06-07T00:00:00.000Z,modifiedBy.9dpbs@example.org
15755897-4c39-47cb-b563-2d005b3d7aae,description-15755897,2020-12-05,2015-06-24,10917538-da5e-4e6e-a04d-bc951284ebe6,2009-06-17T00:00:00.000Z,createdBy.9dpbt@example.net,2004-09-06T00:00:00.000Z,modifiedBy.9dpbt@example.net
15755898-3c70-4a50-8694-230eab372d21,description-15755898,2020-11-29,2021-07-31,1091754d-db26-466f-a580-a4014ae7824b,2018-06-20T00:00:00.000Z,createdBy.9dpbu@example.org,2016-02-08T00:00:00.000Z,modifiedBy.9dpbu@example.com
15755899-1588-4a3b-b978-0ee8acba0b65,description-15755899,2020-04-23,2013-07-31,10917556-61d4-4b70-b320-ad3919cea949,2015-03-28T00:00:00.000Z,createdBy.9dpbv@example.com,2023-09-02T00:00:00.000Z,modifiedBy.9dpbv@example.com
15755900-bcc6-405e-9cf5-b9cdf3309b1d,description-15755900,2013-09-18,2010-04-18,1091756b-cdfc-4156-ae3f-0d43c6281d6f,2018-11-11T00:00:00.000Z,createdBy.9dpbw@example.com,2001-05-18T00:00:00.000Z,modifiedBy.9dpbw@example.com
15755901-544b-4e4c-a391-ce3b400ff7da,description-15755901,2019-08-12,2023-01-02,1091757a-3e78-41a8-917e-36e93eebd4af,2014-05-30T00:00:00.000Z,createdBy.9dpbx@example.org,2019-09-13T00:00:00.000Z,modifiedBy.9dpbx@example.net
15755902-5a96-4d35-9d50-16a80fb65bd3,description-15755902,2021-02-10,2018-12-04,10917588-a3b8-46b7-b5dd-018cafb18001,2007-09-11T00:00:00.000Z,createdBy.9dpby@example.com,2008-08-16T00:00:00.000Z,modifiedBy.9dpby@example.com
15755903-7e0b-4c95-9497-bc24e0d7bee1,description-15755903,2011-03-19,2002-04-11,10917596-2b85-4757-82dc-e88eaed11d5b,2000-08-13T00:00:00.000Z,createdBy.9dpbz@example.net,2001-06-15T00:00:00.000Z,modifiedBy.9dpbz@example.com
15755904-1065-48ca-a771-212361d78e98,description-15755904,2008-07-22,2019-12-26,1091760a-ec37-4b6c-9076-1db2f10666b9,2016-01-10T00:00:00.000Z,createdBy.9dpc0@example.org,2003-11-05T00:00:00.000Z,modifiedBy.9dpc0@example.net
15755905-d50f-43c8-b312-a136004143c6,description-15755905,2020-11-14,2001-03-17,10917615-cbf4-4b68-ac2f-0cfd22b839b9,2022-12-16T00:00:00.000Z,createdBy.9dpc1@example.net,2005-10-07T00:00:00.000Z,modifiedBy.9dpc1@example.net
15755906-39d9-409d-b3af-b256844886c9,description-15755906,2005-10-13,2010-04-19,10917623-af25-4643-9229-cf01b4700ed7,2021-11-10T00:00:00.000Z,createdBy.9dpc2@example.com,2000-06-29T00:00:00.000Z,modifiedBy.9dpc2@example.net
15755907-f2a5-4067-b3a1-fa4d8ab83d25,description-15755907,2022-04-10,2016-01-03,1091763d-8e28-444e-8fdb-6e68902fcffa,2001-01-03T00:00:00.000Z,createdBy.9dpc3@example.com,2015-03-29T00:00:00.000Z,modifiedBy.9dpc3@example.net
15755908-dea0-4a79-a982-c18056a6fa0d,description-15755908,2009-09-17,2014-03-10,1091764f-059c-4099-ab92-0c3bab268b70,2000-12-08T00:00:00.000Z,createdBy.9dpc4@example.net,2016-01-12T00:00:00.000Z,modifiedBy.9dpc4@example.org
15755909-b22e-4964-9143-9b72da9fe86f,description-15755909,2013-06-01,2013-09-07,10917652-0620-4cba-aeb8-31d802a3bde9,2006-07-26T00:00:00.000Z,createdBy.9dpc5@example.net,2010-07-31T00:00:00.000Z,modifiedBy.9dpc5@example.org
15755910-7ae3-4fe7-b27d-49f3aef1d41e,description-15755910,2007-05-27,2019-03-27,1091716b-79a5-4b47-a456-11412205f5fe,2009-05-15T00:00:00.000Z,createdBy.9dpc6@example.net,2003-04-08T00:00:00.000Z,modifiedBy.9dpc6@example.org
15755911-9015-40f6-82a7-e686533fb57e,description-15755911,2021-06-05,2020-05-19,10917177-61e4-43f8-b155-b141eb6dbabf,2021-12-16T00:00:00.000Z,createdBy.9dpc7@example.net,2003-08-21T00:00:00.000Z,modifiedBy.9dpc7@example.net
15755912-d097-4f98-a9b2-48cfd9bb1c68,description-15755912,2010-04-22,2005-02-18,10917183-5664-40a2-9461-dca39cf2afc7,2020-03-02T00:00:00.000Z,createdBy.9dpc8@example.org,2023-01-07T00:00:00.000Z,modifiedBy.9dpc8@example.com
15755913-8281-4bf8-94d5-10df4fbb0c89,description-15755913,2021-07-02,2013-08-16,10917197-6a75-4e73-a1bb-e2352da324cc,2022-06-15T00:00:00.000Z,createdBy.9dpc9@example.net,2005-06-03T00:00:00.000Z,modifiedBy.9dpc9@example.net
15755914-43d1-42d3-bc6f-f454186b6ce5,description-15755914,2019-06-29,2001-06-06,1091720a-33eb-4bb5-9517-5caea01993ca,2011-05-29T00:00:00.000Z,createdBy.9dpca@example.net,2009-09-12T00:00:00.000Z,modifiedBy.9dpca@example.com
15755915-3f0e-4257-b39b-ca362f0a44c9,description-15755915,2004-10-24,2013-10-08,10917215-568b-4177-a542-6c984987e267,2022-01-07T00:00:00.000Z,createdBy.9dpcb@example.net,2013-12-21T00:00:00.000Z,modifiedBy.9dpcb@example.com
15755916-81c6-4297-831e-bdaa9640c4a5,description-15755916,2019-07-24,2012-12-02,10917229-2c42-49b5-872d-c2ab56a270d1,2017-10-05T00:00:00.000Z,createdBy.9dpcc@example.net,2009-09-01T00:00:00.000Z,modifiedBy.9dpcc@example.org
15755917-ecce-4f1a-a527-94c6934f05a9,description-15755917,2010-01-15,2021-04-28,10917230-9270-414d-b6c3-9546d9fde91f,2006-10-10T00:00:00.000Z,createdBy.9dpcd@example.org,2006-10-06T00:00:00.000Z,modifiedBy.9dpcd@example.com
15755918-8c0d-469f-9947-1eef49fa4fe9,description-15755918,2011-04-26,2021-06-25,1091724a-9df9-4955-bf36-f5a1241af43a,2011-12-02T00:00:00.000Z,createdBy.9dpce@example.net,2021-01-11T00:00:00.000Z,modifiedBy.9dpce@example.com
15755919-2f65-4916-a3da-5a3d0f38866c,description-15755919,2007-06-16,2018-11-27,10917251-c070-4434-8822-71f7b396ca79,2011-01-28T00:00:00.000Z,createdBy.9dpcf@example.com,2021-06-18T00:00:00.000Z,modifiedBy.9dpcf@example.com
15755920-439e-4a51-9602-0edc839dd82a,description-15755920,2017-08-25,2021-12-20,10917265-cf43-4b99-b757-eee65af3c2aa,2016-03-27T00:00:00.000Z,createdBy.9dpcg@example.org,2014-02-14T00:00:00.000Z,modifiedBy.9dpcg@example.net
15755921-8cdf-4f93-a862-22787b024669,description-15755921,2021-12-29,2017-08-08,1091727e-98d3-4143-9f98-760d8b0816ad,2011-12-22T00:00:00.000Z,createdBy.9dpch@example.org,2007-10-13T00:00:00.000Z,modifiedBy.9dpch@example.com
15755922-e1d1-4ead-bbf3-6907f652e81e,description-15755922,2022-02-13,2005-03-08,10917289-34cd-4fe6-b2e2-b3a0fbb39856,2020-12-25T00:00:00.000Z,createdBy.9dpci@example.net,2015-03-16T00:00:00.000Z,modifiedBy.9dpci@example.net
15755923-1d6c-4f14-8c5b-1d11e55e816a,description-15755923,2010-03-08,2004-03-31,10917290-6720-4b3e-8a52-28a65d29b249,2011-05-14T00:00:00.000Z,createdBy.9dpcj@example.org,2017-04-09T00:00:00.000Z,modifiedBy.9dpcj@example.com
15755924-fc52-45ed-8541-407597749ff5,description-15755924,2022-07-19,2003-03-05,1091730d-d4be-4418-abd4-3baccdafd011,2009-05-18T00:00:00.000Z,createdBy.9dpck@example.org,2011-02-14T00:00:00.000Z,modifiedBy.9dpck@example.com
15755925-fac8-4bab-afe2-19f15394e0aa,description-15755925,2013-12-10,2004-04-24,1091731e-4d81-44a3-8e5b-f774de6f54b3,2021-11-13T00:00:00.000Z,createdBy.9dpcl@example.org,2016-02-01T00:00:00.000Z,modifiedBy.9dpcl@example.net
15755926-40f2-4f41-8910-026e9fd8d803,description-15755926,2004-05-19,2005-10-19,1091732f-f777-4a0c-861d-76bce1cf8e42,2008-07-11T00:00:00.000Z,createdBy.9dpcm@example.net,2023-08-17T00:00:00.000Z,modifiedBy.9dpcm@example.com
15755927-87dc-4d5f-8c25-5ab21e579db7,description-15755927,2014-01-23,2022-01-09,10917339-0164-449c-aed0-4b21af8bc2c3,2004-06-27T00:00:00.000Z,createdBy.9dpcn@example.net,2017-12-24T00:00:00.000Z,modifiedBy.9dpcn@example.net
