ID,name,description,incidentnumber,type,status_ID,createdAt,createdBy,modifiedAt,modifiedBy
1091716b-79a5-4b47-a456-11412205f5fe,name-1091716,description-1091716,17,type-1091716,23106929-05de-4848-b380-3112887b9e08,2013-09-23T00:00:00.000Z,createdBy.nedg@example.org,2014-12-14T00:00:00.000Z,modifiedBy.nedg@example.com
10917177-61e4-43f8-b155-b141eb6dbabf,name-1091717,description-1091717,1,type-1091717,23106929-05de-4848-b380-3112887b9e08,2008-11-23T00:00:00.000Z,createdBy.nedh@example.net,2007-04-19T00:00:00.000Z,modifiedBy.nedh@example.com
10917183-5664-40a2-9461-dca39cf2afc7,name-1091718,description-1091718,7,type-1091718,23106929-05de-4848-b380-3112887b9e08,2013-04-03T00:00:00.000Z,createdBy.nedi@example.com,2011-06-09T00:00:00.000Z,modifiedBy.nedi@example.com
10917197-6a75-4e73-a1bb-e2352da324cc,name-1091719,description-1091719,62,type-1091719,23106929-05de-4848-b380-3112887b9e08,2005-04-07T00:00:00.000Z,createdBy.nedj@example.org,2017-09-09T00:00:00.000Z,modifiedBy.nedj@example.net
1091720a-33eb-4bb5-9517-5caea01993ca,name-1091720,description-1091720,72,type-1091720,23106929-05de-4848-b380-3112887b9e08,2005-02-10T00:00:00.000Z,createdBy.nedk@example.org,2011-02-23T00:00:00.000Z,modifiedBy.nedk@example.com
10917215-568b-4177-a542-6c984987e267,name-1091721,description-1091721,60,type-1091721,23106929-05de-4848-b380-3112887b9e08,2000-05-30T00:00:00.000Z,createdBy.nedl@example.com,2021-11-12T00:00:00.000Z,modifiedBy.nedl@example.net
10917229-2c42-49b5-872d-c2ab56a270d1,name-1091722,description-1091722,40,type-1091722,23106929-05de-4848-b380-3112887b9e08,2011-09-23T00:00:00.000Z,createdBy.nedm@example.org,2005-06-28T00:00:00.000Z,modifiedBy.nedm@example.net
10917230-9270-414d-b6c3-9546d9fde91f,name-1091723,description-1091723,10,type-1091723,23106929-05de-4848-b380-3112887b9e08,2016-02-17T00:00:00.000Z,createdBy.nedn@example.net,2015-12-20T00:00:00.000Z,modifiedBy.nedn@example.net
1091724a-9df9-4955-bf36-f5a1241af43a,name-1091724,description-1091724,65,type-1091724,23106929-05de-4848-b380-3112887b9e08,2021-10-28T00:00:00.000Z,createdBy.nedo@example.net,2020-02-11T00:00:00.000Z,modifiedBy.nedo@example.com
10917251-c070-4434-8822-71f7b396ca79,name-1091725,description-1091725,58,type-1091725,23106929-05de-4848-b380-3112887b9e08,2003-09-23T00:00:00.000Z,createdBy.nedp@example.com,2013-10-10T00:00:00.000Z,modifiedBy.nedp@example.org
10917265-cf43-4b99-b757-eee65af3c2aa,name-1091726,description-1091726,23,type-1091726,23106929-05de-4848-b380-3112887b9e08,2010-09-01T00:00:00.000Z,createdBy.nedq@example.org,2000-10-20T00:00:00.000Z,modifiedBy.nedq@example.org
1091727e-98d3-4143-9f98-760d8b0816ad,name-1091727,description-1091727,99,type-1091727,23106929-05de-4848-b380-3112887b9e08,2013-11-02T00:00:00.000Z,createdBy.nedr@example.com,2007-02-17T00:00:00.000Z,modifiedBy.nedr@example.net
10917289-34cd-4fe6-b2e2-b3a0fbb39856,name-1091728,description-1091728,20,type-1091728,23106929-05de-4848-b380-3112887b9e08,2008-08-08T00:00:00.000Z,createdBy.neds@example.com,2004-08-21T00:00:00.000Z,modifiedBy.neds@example.net
10917290-6720-4b3e-8a52-28a65d29b249,name-1091729,description-1091729,6,type-1091729,23106929-05de-4848-b380-3112887b9e08,2018-11-16T00:00:00.000Z,createdBy.nedt@example.com,2002-12-11T00:00:00.000Z,modifiedBy.nedt@example.net
1091730d-d4be-4418-abd4-3baccdafd011,name-1091730,description-1091730,84,type-1091730,23106929-05de-4848-b380-3112887b9e08,2017-03-09T00:00:00.000Z,createdBy.nedu@example.com,2020-04-25T00:00:00.000Z,modifiedBy.nedu@example.org
1091731e-4d81-44a3-8e5b-f774de6f54b3,name-1091731,description-1091731,26,type-1091731,23106929-05de-4848-b380-3112887b9e08,2010-05-22T00:00:00.000Z,createdBy.nedv@example.net,2011-01-26T00:00:00.000Z,modifiedBy.nedv@example.org
1091732f-f777-4a0c-861d-76bce1cf8e42,name-1091732,description-1091732,3,type-1091732,23106929-05de-4848-b380-3112887b9e08,2022-07-12T00:00:00.000Z,createdBy.nedw@example.net,2012-08-01T00:00:00.000Z,modifiedBy.nedw@example.com
10917339-0164-449c-aed0-4b21af8bc2c3,name-1091733,description-1091733,63,type-1091733,23106929-05de-4848-b380-3112887b9e08,2010-12-03T00:00:00.000Z,createdBy.nedx@example.net,2000-07-31T00:00:00.000Z,modifiedBy.nedx@example.net
1091734d-ee0a-4f03-8da2-e5e1ac03a25f,name-1091734,description-1091734,25,type-1091734,23106929-05de-4848-b380-3112887b9e08,2013-10-02T00:00:00.000Z,createdBy.nedy@example.net,2012-11-05T00:00:00.000Z,modifiedBy.nedy@example.net
10917351-167d-4f5e-96df-bdd18a8bbd12,name-1091735,description-1091735,99,type-1091735,23106929-05de-4848-b380-3112887b9e08,2023-04-10T00:00:00.000Z,createdBy.nedz@example.org,2005-10-30T00:00:00.000Z,modifiedBy.nedz@example.org
10917365-d512-485a-bdb2-2035ef9f74f8,name-1091736,description-1091736,52,type-1091736,23106929-05de-4848-b380-3112887b9e08,2020-12-29T00:00:00.000Z,createdBy.nee0@example.net,2006-03-17T00:00:00.000Z,modifiedBy.nee0@example.net
10917378-fbed-4247-be17-28a5a41c278d,name-1091737,description-1091737,21,type-1091737,23106929-05de-4848-b380-3112887b9e08,2002-12-14T00:00:00.000Z,createdBy.nee1@example.com,2010-07-31T00:00:00.000Z,modifiedBy.nee1@example.com
10917387-2e3d-4558-92ff-8a76a91268e7,name-1091738,description-1091738,70,type-1091738,23106929-05de-4848-b380-3112887b9e08,2012-02-17T00:00:00.000Z,createdBy.nee2@example.org,2001-05-03T00:00:00.000Z,modifiedBy.nee2@example.net
10917396-444f-4f80-ac63-3cf6879a7502,name-1091739,description-1091739,51,type-1091739,23106929-05de-4848-b380-3112887b9e08,2018-05-02T00:00:00.000Z,createdBy.nee3@example.net,2010-06-21T00:00:00.000Z,modifiedBy.nee3@example.com
1091740b-b779-4661-b76c-8152cde226d4,name-1091740,description-1091740,61,type-1091740,23106929-05de-4848-b380-3112887b9e08,2018-04-14T00:00:00.000Z,createdBy.nee4@example.net,2017-10-07T00:00:00.000Z,modifiedBy.nee4@example.com
1091741a-7c48-4a74-bf0b-fa091471e953,name-1091741,description-1091741,91,type-1091741,23106929-05de-4848-b380-3112887b9e08,2023-02-08T00:00:00.000Z,createdBy.nee5@example.net,2006-02-13T00:00:00.000Z,modifiedBy.nee5@example.org
1091742b-eadc-409c-949b-23ff4cef197f,name-1091742,description-1091742,16,type-1091742,23106929-05de-4848-b380-3112887b9e08,2003-09-16T00:00:00.000Z,createdBy.nee6@example.org,2010-09-11T00:00:00.000Z,modifiedBy.nee6@example.net
1091743c-e7c8-40bc-9141-cdbb2edbd35c,name-1091743,description-1091743,59,type-1091743,23106929-05de-4848-b380-3112887b9e08,2000-10-22T00:00:00.000Z,createdBy.nee7@example.net,2004-11-02T00:00:00.000Z,modifiedBy.nee7@example.org
10917447-0d1e-4bdd-b3cd-da4d610911a7,name-1091744,description-1091744,21,type-1091744,23106929-05de-4848-b380-3112887b9e08,2021-09-07T00:00:00.000Z,createdBy.nee8@example.com,2007-06-25T00:00:00.000Z,modifiedBy.nee8@example.com
10917455-c574-4402-9bc6-9a756137836b,name-1091745,description-1091745,63,type-1091745,23106929-05de-4848-b380-3112887b9e08,2002-12-31T00:00:00.000Z,createdBy.nee9@example.com,2000-05-24T00:00:00.000Z,modifiedBy.nee9@example.org
10917463-53e1-4d87-a62c-862e3b772cd2,name-1091746,description-1091746,37,type-1091746,23106929-05de-4848-b380-3112887b9e08,2005-04-29T00:00:00.000Z,createdBy.neea@example.com,2019-05-30T00:00:00.000Z,modifiedBy.neea@example.org
10917471-67de-4a46-928e-144354b11269,name-1091747,description-1091747,77,type-1091747,23106929-05de-4848-b380-3112887b9e08,2014-12-11T00:00:00.000Z,createdBy.neeb@example.net,2002-12-23T00:00:00.000Z,modifiedBy.neeb@example.org
10917482-f1ef-4174-b0ab-d60007154f2c,name-1091748,description-1091748,4,type-1091748,23106929-05de-4848-b380-3112887b9e08,2015-04-18T00:00:00.000Z,createdBy.neec@example.org,2013-05-04T00:00:00.000Z,modifiedBy.neec@example.net
10917497-4b81-41f8-83d6-2e73d8636255,name-1091749,description-1091749,88,type-1091749,23106929-05de-4848-b380-3112887b9e08,2011-02-14T00:00:00.000Z,createdBy.need@example.com,2009-08-05T00:00:00.000Z,modifiedBy.need@example.net
1091750c-dee1-4a4f-8858-743ae7d0dbec,name-1091750,description-1091750,29,type-1091750,23106929-05de-4848-b380-3112887b9e08,2006-08-05T00:00:00.000Z,createdBy.neee@example.org,2019-01-09T00:00:00.000Z,modifiedBy.neee@example.org
1091751d-b73e-42dd-89c7-01050a45b47a,name-1091751,description-1091751,23,type-1091751,23106929-05de-4848-b380-3112887b9e08,2019-02-03T00:00:00.000Z,createdBy.neef@example.net,2020-10-04T00:00:00.000Z,modifiedBy.neef@example.net
1091752b-fdbc-477c-9338-14e3bc9b88de,name-1091752,description-1091752,66,type-1091752,23106929-05de-4848-b380-3112887b9e08,2014-08-04T00:00:00.000Z,createdBy.neeg@example.org,2022-12-11T00:00:00.000Z,modifiedBy.neeg@example.net
10917538-da5e-4e6e-a04d-bc951284ebe6,name-1091753,description-1091753,12,type-1091753,23106929-05de-4848-b380-3112887b9e08,2023-10-29T00:00:00.000Z,createdBy.neeh@example.net,2014-11-07T00:00:00.000Z,modifiedBy.neeh@example.com
1091754d-db26-466f-a580-a4014ae7824b,name-1091754,description-1091754,95,type-1091754,23106929-05de-4848-b380-3112887b9e08,2005-11-18T00:00:00.000Z,createdBy.neei@example.net,2002-07-04T00:00:00.000Z,modifiedBy.neei@example.org
10917556-61d4-4b70-b320-ad3919cea949,name-1091755,description-1091755,82,type-1091755,23106929-05de-4848-b380-3112887b9e08,2007-07-02T00:00:00.000Z,createdBy.neej@example.org,2001-10-07T00:00:00.000Z,modifiedBy.neej@example.net
1091756b-cdfc-4156-ae3f-0d43c6281d6f,name-1091756,description-1091756,51,type-1091756,23106929-05de-4848-b380-3112887b9e08,2010-12-23T00:00:00.000Z,createdBy.neek@example.org,2013-06-03T00:00:00.000Z,modifiedBy.neek@example.org
1091757a-3e78-41a8-917e-36e93eebd4af,name-1091757,description-1091757,96,type-1091757,23106929-05de-4848-b380-3112887b9e08,2012-12-25T00:00:00.000Z,createdBy.neel@example.com,2017-03-11T00:00:00.000Z,modifiedBy.neel@example.net
10917588-a3b8-46b7-b5dd-018cafb18001,name-1091758,description-1091758,75,type-1091758,23106929-05de-4848-b380-3112887b9e08,2015-03-13T00:00:00.000Z,createdBy.neem@example.org,2015-03-07T00:00:00.000Z,modifiedBy.neem@example.org
10917596-2b85-4757-82dc-e88eaed11d5b,name-1091759,description-1091759,27,type-1091759,23106929-05de-4848-b380-3112887b9e08,2001-01-24T00:00:00.000Z,createdBy.neen@example.net,2011-09-07T00:00:00.000Z,modifiedBy.neen@example.com
1091760a-ec37-4b6c-9076-1db2f10666b9,name-1091760,description-1091760,37,type-1091760,23106929-05de-4848-b380-3112887b9e08,2008-09-28T00:00:00.000Z,createdBy.neeo@example.org,2017-08-27T00:00:00.000Z,modifiedBy.neeo@example.org
10917615-cbf4-4b68-ac2f-0cfd22b839b9,name-1091761,description-1091761,99,type-1091761,23106929-05de-4848-b380-3112887b9e08,2018-01-08T00:00:00.000Z,createdBy.neep@example.com,2003-02-12T00:00:00.000Z,modifiedBy.neep@example.org
10917623-af25-4643-9229-cf01b4700ed7,name-1091762,description-1091762,1,type-1091762,23106929-05de-4848-b380-3112887b9e08,2004-01-30T00:00:00.000Z,createdBy.neeq@example.com,2000-05-15T00:00:00.000Z,modifiedBy.neeq@example.com
1091763d-8e28-444e-8fdb-6e68902fcffa,name-1091763,description-1091763,19,type-1091763,23106929-05de-4848-b380-3112887b9e08,2017-04-08T00:00:00.000Z,createdBy.neer@example.org,2018-01-03T00:00:00.000Z,modifiedBy.neer@example.com
1091764f-059c-4099-ab92-0c3bab268b70,name-1091764,description-1091764,100,type-1091764,23106929-05de-4848-b380-3112887b9e08,2006-12-05T00:00:00.000Z,createdBy.nees@example.net,2010-06-11T00:00:00.000Z,modifiedBy.nees@example.org
10917652-0620-4cba-aeb8-31d802a3bde9,name-1091765,description-1091765,73,type-1091765,23106929-05de-4848-b380-3112887b9e08,2000-08-31T00:00:00.000Z,createdBy.neet@example.net,2005-12-31T00:00:00.000Z,modifiedBy.neet@example.org
